{"domainLength": [14.245416666666667, 7.0056063734499485], "consecutive": [1.2495833333333333, 0.4679296525357478], "entropy": [3.2199319594723255, 0.39727071830302296], "IPaddress": [2.07875, 2.4674646442924835], "countries": [1.0641666666666667, 0.6211945258040181], "averageTTL": [4778.5873807743155, 14041.834954601241], "stdTTL": [2786.2006907087357, 13589.225232761082], "lifeTime": [4115.117916666667, 4021.2369714652486], "activeTime": [3255.86125, 3586.448555256095]}