{"length": [13.0, 4.69041575982343], "consecutive": [1.2, 0.7483314773547883], "entropy": [1.922, 0.41131010199118617], "IP address": [2.2, 1.469693845669907], "countries": [1.4, 0.4898979485566356], "average TTL": [2720.2, 4360.106622549499], "standard deviation of TTL": [1083.0, 1530.261154182514], "life time": [7821.8, 2197.225013511361], "active time": [6799.8, 1370.477639365196]}